,precision,recall,f1-score,support
EMERGENCY,0.0,0.0,0.0,0.0
SAFE_Maintain_Course,1.0,1.0,1.0,11971.0
WARNING_Request_HVAC_Remote_Reset,1.0,0.5517241379310345,0.7111111111111111,29.0
accuracy,0.9989166666666667,0.9989166666666667,0.9989166666666667,0.9989166666666667
macro avg,0.6666666666666666,0.5172413793103449,0.5703703703703704,12000.0
weighted avg,1.0,0.9989166666666667,0.9993018518518518,12000.0
