{
    "Accuracy": 0.9989166666666667,
    "Precision": 1.0,
    "Recall": 0.9989166666666667,
    "F1_Score": 0.9993018518518518
}