Model,Accuracy,Precision,Recall,F1_Score
DecisionTree,0.9991666666666666,1.0,0.9991666666666666,0.9994965277777779
RandomForest,0.999,1.0,0.999,0.9993695652173913
ExtraTrees,0.9983333333333333,0.998464355523094,0.9983333333333333,0.9982715624647235
LogisticRegression,0.99275,0.9979357968881414,0.99275,0.9948908898435267
