Model,Accuracy,Precision,Recall,F1_Score
RandomForest,1.0,1.0,1.0,1.0
DecisionTree,0.9999166666666667,1.0,0.9999166666666667,0.9999576023391813
ExtraTrees,0.9978333333333333,0.9975205019176255,0.9978333333333333,0.9971112938394635
LogisticRegression,0.9266666666666666,0.9975658925857718,0.9266666666666666,0.9597508920120008
