{
    "best_model": "DecisionTree",
    "accuracy": 0.9991666666666666,
    "precision": 1.0,
    "recall": 0.9991666666666666,
    "f1_score": 0.9994965277777779
}