Feature,Importance
Temperature_Deviation_C,0.8863800404777912
HVAC_Power_Consumption_Watts,0.029534849042218533
Actual_Internal_Temp_C,0.02068200884319305
HVAC_Efficiency,0.015721342986035645
HVAC_Stress_Index,0.012765706310406565
Seal_Integrity_Index,0.009721663665515376
Seal_Loss_Score,0.009580323794306313
Ambient_External_Temp_C,0.007541614989258555
Cooling_Load_C,0.007220116157149503
Cargo_Type,0.0004912040483656552
Internal_Set_Point_C,0.0003611296857597652
