Feature,Importance
Temperature_Deviation_C,0.8466697417328479
HVAC_Power_Consumption_Watts,0.06897814688031757
Actual_Internal_Temp_C,0.021249090172850572
HVAC_Efficiency,0.015778659190638745
HVAC_Stress_Index,0.012889980014578181
Seal_Integrity_Index,0.00971549792369013
Seal_Loss_Score,0.009689603712654583
Ambient_External_Temp_C,0.00738801085319662
Cooling_Load_C,0.007113818892799719
Cargo_Type,0.0003117112946286967
Internal_Set_Point_C,0.0002157393317972215
