Model,MAE,MSE,RMSE,R2
LightGBM,4.270642546774249,28.566120886591705,5.344728326733895,0.9183729753572607
Random Forest,4.300571251899434,28.892368224178323,5.375162157942616,0.917440731193955
XGBoost,4.316007957096395,29.27084171768608,5.410253387567543,0.9163592520073398
Linear Regression,5.428388737952158,52.11537315468786,7.219097807530236,0.851081535863695
