Model,MAE,MSE,RMSE,R2
LightGBM,4.272106008996932,28.556189885420316,5.343799199578921,0.9199733433571056
XGBoost,4.273001172698934,28.618577656372604,5.349633413269792,0.9197985061416104
Random Forest,4.290812047245058,28.79848997829774,5.366422456189761,0.9192943148727368
Linear Regression,5.502975097978984,54.0392828885164,7.351141604439164,0.848558818445331
