Model,MAE,MSE,RMSE,R2
LightGBM,4.261993831544021,28.384770327440947,5.327735947608604,0.9188911803532958
Random Forest,4.281618636080256,28.655541088780343,5.353087061573008,0.9181174592136236
XGBoost,4.268609135889712,28.711408478253475,5.358302760973243,0.9179578194503056
Linear Regression,5.428388737952158,52.11537315468786,7.219097807530236,0.851081535863695
