,count,mean,std,min,5%,25%,50%,75%,95%,max
Ambient_External_Temp_C,56000.0,32.55416785714286,7.209877933336068,20.0,21.3,26.3,32.6,38.8,43.8,45.0
Internal_Set_Point_C,56000.0,-3.9848214285714287,9.92542335570906,-18.0,-18.0,-18.0,2.0,4.0,4.0,4.0
Actual_Internal_Temp_C,56000.0,-3.484865,9.927097776189656,-18.25,-17.71,-17.36,2.5,4.36,4.71,5.26
HVAC_Power_Consumption_Watts,56000.0,1826.5947142857142,622.7266152642286,529.0,928.0,1322.0,1784.0,2230.0,2966.0,3458.0
Seal_Integrity_Index,56000.0,0.8997726964285713,0.09048561046796148,0.271,0.717,0.857,0.926,0.968,0.994,1.0
Forecasted_4Hr_Spoilage_Risk_Pct,56000.0,21.225471428571428,6.549323221836619,0.1,10.5,16.8,21.2,25.6,32.1,63.1
