Feature,SAFE_Mean,WARNING_Mean,Difference
Ambient_External_Temp_C,32.55293201589518,33.069402985074625,0.5164709691794442
Internal_Set_Point_C,-3.9840332223534887,-4.313432835820896,-0.3293996134674071
Actual_Internal_Temp_C,-3.484959367056886,-3.4455223880597012,0.0394369789971849
HVAC_Power_Consumption_Watts,1826.3689900834138,1920.7014925373135,94.33250245389968
Seal_Integrity_Index,0.9000877098772062,0.7684402985074628,-0.13164741136974345
Forecasted_4Hr_Spoilage_Risk_Pct,21.175124404825834,42.21567164179104,21.040547236965207
