,Ambient_External_Temp_C,Internal_Set_Point_C,Actual_Internal_Temp_C,HVAC_Power_Consumption_Watts,Seal_Integrity_Index,Forecasted_4Hr_Spoilage_Risk_Pct
Ambient_External_Temp_C,1.0,-0.0011553821176989673,-0.002210402824875109,0.5791764834289931,-0.000869835452085151,-0.0024273140147031695
Internal_Set_Point_C,-0.0011553821176989673,1.0,0.9428192559846454,-0.7142249494262058,-0.002489893165890603,-0.003036297953214479
Actual_Internal_Temp_C,-0.002210402824875109,0.9428192559846454,1.0,-0.672982590831804,-0.001387762070793096,0.19263738745273956
HVAC_Power_Consumption_Watts,0.5791764834289931,-0.7142249494262058,-0.672982590831804,1.0,-0.0013119496682098097,0.020149064572231885
Seal_Integrity_Index,-0.000869835452085151,-0.002489893165890603,-0.001387762070793096,-0.0013119496682098097,1.0,-0.16690856086761754
Forecasted_4Hr_Spoilage_Risk_Pct,-0.0024273140147031695,-0.003036297953214479,0.19263738745273956,0.020149064572231885,-0.16690856086761754,1.0
