{
  "version": "v1",
  "model": "XGBoost",
  "validation_metrics": {
    "MAE": 3.990365618840854,
    "RMSE": 5.0175535318422995,
    "R2": 0.4213752505044964
  },
  "test_metrics": {
    "MAE": 3.985860796459516,
    "RMSE": 4.992909109174596,
    "R2": 0.42418980468634315
  },
  "prediction_interval_90_half_width": 8.226726951599122,
  "dataset_path": "data\\raw\\supply_chain_iot_cold_chain_temp_forecast_80k.csv",
  "dataset_rows": 80000,
  "synthetic_data_used": false
}